Value of payload(in bytes),Cumulative RTT(in microseconds)
100,41.020000
200,45.560000
300,55.960000
400,55.680000
500,57.860000
600,54.560000
700,62.500000
800,71.600000
900,70.580000
1000,71.360000
