Value of payload(in bytes),Cumulative RTT(in microseconds)
100,198.820000
200,185.600000
300,200.400000
400,212.900000
500,221.060000
600,230.780000
700,222.980000
800,231.240000
900,224.880000
1000,231.840000
