Value of payload(in bytes),Cumulative RTT(in microseconds)
100,58.580000
200,54.620000
300,55.100000
400,54.860000
500,56.000000
600,54.080000
700,55.760000
800,56.380000
900,56.360000
1000,56.380000
