Value of payload(in bytes),Cumulative RTT(in microseconds)
100,11972.680000
200,10755.820000
300,12823.280000
400,14263.240000
500,12307.300000
600,13415.400000
700,16411.340000
800,16279.260000
900,15739.040000
1000,21903.660000
