Value of payload(in bytes),Cumulative RTT(in microseconds)
100,100.500000
200,110.140000
300,112.500000
400,82.440000
500,68.380000
600,70.980000
700,65.280000
800,71.900000
900,78.580000
1000,54.340000
