Value of payload(in bytes),Cumulative RTT(in microseconds)
100,4355.800000
200,6503.900000
300,5718.440000
400,9139.560000
500,6294.660000
600,6642.920000
700,8708.120000
800,8084.700000
900,8060.920000
1000,8346.260000
