Value of payload(in bytes),Cumulative RTT(in microseconds)
100,167.520000
200,176.840000
300,145.840000
400,142.240000
500,138.600000
600,141.420000
700,153.100000
800,118.900000
900,139.360000
1000,124.840000
