Value of payload(in bytes),Cumulative RTT(in microseconds)
100,2327.660000
200,2354.920000
300,2560.840000
400,5008.760000
500,3021.400000
600,3295.140000
700,3685.860000
800,4302.580000
900,4003.580000
1000,4247.860000
