Value of payload(in bytes),Cumulative RTT(in microseconds)
100,11200.060000
200,11493.220000
300,11843.480000
400,11505.960000
500,11121.160000
600,11554.720000
700,11864.720000
800,11807.040000
900,13111.380000
1000,14090.480000
