Value of payload(in bytes),Cumulative RTT(in microseconds)
100,270.500000
200,277.900000
300,304.740000
400,271.500000
500,282.860000
600,253.980000
700,249.820000
800,278.520000
900,292.780000
1000,453.000000
