Value of payload(in bytes),Cumulative RTT(in microseconds)
100,52.300000
200,35.880000
300,39.300000
400,47.320000
500,44.160000
600,42.760000
700,58.320000
800,37.220000
900,37.160000
1000,37.500000
